baseline_sample_id,variant_sample_id,axis,language,source_class,source_domain,variant_source,transform_version,baseline_text_sha256,variant_text_sha256,cosine_similarity,euclidean_distance,manhattan_distance
pbv11-sample-001-baseline,pbv11-sample-001-variant-b,compressed_version,de,public-domain literary text,fairy-tale prose,public-benchmark-v1.1-released-variant,released-public-benchmark-v1.1,d414b5459a758c84361dcd9c9f97bbd998351c290950059076f8ed759de7d9b3,0fdf01e88f2e173bacd288f1768a029fcd44ef10a260ba6b404d1035f5915df5,0.981082,9.037489,10.556839
pbv11-sample-001-baseline,pbv11-sample-001-variant-e,formalized_style,de,public-domain literary text,fairy-tale prose,public-benchmark-v1.1-released-variant,released-public-benchmark-v1.1,d414b5459a758c84361dcd9c9f97bbd998351c290950059076f8ed759de7d9b3,9cac24e0ef0be06674d742020ba26729fafaf25b639fc5f47300f9200db73c3f,0.999393,2.018767,3.648287
pbv11-sample-001-baseline,pbv11-sample-001-variant-f,informalized_style,de,public-domain literary text,fairy-tale prose,public-benchmark-v1.1-released-variant,released-public-benchmark-v1.1,d414b5459a758c84361dcd9c9f97bbd998351c290950059076f8ed759de7d9b3,935e09d9b91f2297c96044734ee614df4c4953503bd94720984727dbb0e7de01,0.999285,2.342604,2.827639
pbv11-sample-001-baseline,pbv11-sample-001-variant-a,punctuation_cleanup,de,public-domain literary text,fairy-tale prose,public-benchmark-v1.1-released-variant,released-public-benchmark-v1.1,d414b5459a758c84361dcd9c9f97bbd998351c290950059076f8ed759de7d9b3,4a01b2c7f5156e3af70294757466d3fdb92c0dbea61fb5b214f593280e7ca8a9,0.999999,0.027772,0.039127
pbv11-sample-001-baseline,pbv11-sample-001-baseline-punctuation_strip,punctuation_strip,de,public-domain literary text,fairy-tale prose,deterministic-in-memory-public-transform,deterministic-public-growth-v1,d414b5459a758c84361dcd9c9f97bbd998351c290950059076f8ed759de7d9b3,5cc7f9cc3fab0efe77331b3b80350d0ca2a491b08822517bba178af1b2a10291,0.969108,42.66669,42.728867
pbv11-sample-001-baseline,pbv11-sample-001-baseline-sentence_order_rotate,sentence_order_rotate,de,public-domain literary text,fairy-tale prose,deterministic-in-memory-public-transform,deterministic-public-growth-v1,d414b5459a758c84361dcd9c9f97bbd998351c290950059076f8ed759de7d9b3,cc5a6b0fe793abe385fea731c2ae1617e18eb001cff084465916e64a23c93adc,1.0,0.002954,0.002954
pbv11-sample-001-baseline,pbv11-sample-001-variant-c,sentence_split_merge,de,public-domain literary text,fairy-tale prose,public-benchmark-v1.1-released-variant,released-public-benchmark-v1.1,d414b5459a758c84361dcd9c9f97bbd998351c290950059076f8ed759de7d9b3,1e6d1f5bcafb06eb7cb5c43cb7f444eb8432d4ce964eeb8c5165bd238ef7bf98,0.979554,8.333461,8.435393
pbv11-sample-001-baseline,pbv11-sample-001-baseline-token_pair_swap,token_pair_swap,de,public-domain literary text,fairy-tale prose,deterministic-in-memory-public-transform,deterministic-public-growth-v1,d414b5459a758c84361dcd9c9f97bbd998351c290950059076f8ed759de7d9b3,137a29ff2fd1a02638405c700ccbf9a9706e8fb0920d98e67152fe4834e09403,1.0,0.002954,0.002954
pbv11-sample-001-baseline,pbv11-sample-001-baseline-token_stride_drop,token_stride_drop,de,public-domain literary text,fairy-tale prose,deterministic-in-memory-public-transform,deterministic-public-growth-v1,d414b5459a758c84361dcd9c9f97bbd998351c290950059076f8ed759de7d9b3,e855c03283df209f828bd8ea38edeae50f7c5a194387c579e3566425b7e686f4,0.999523,2.006013,2.309861
pbv11-sample-001-baseline,pbv11-sample-001-baseline-token_stride_duplicate,token_stride_duplicate,de,public-domain literary text,fairy-tale prose,deterministic-in-memory-public-transform,deterministic-public-growth-v1,d414b5459a758c84361dcd9c9f97bbd998351c290950059076f8ed759de7d9b3,0085d70aa864f84afcd31889eeae41c3ae5ca7be20f5abdc3389a9b803262640,0.999793,1.340551,1.66292
pbv11-sample-001-baseline,pbv11-sample-001-variant-d,word_order_shift,de,public-domain literary text,fairy-tale prose,public-benchmark-v1.1-released-variant,released-public-benchmark-v1.1,d414b5459a758c84361dcd9c9f97bbd998351c290950059076f8ed759de7d9b3,255fb17a1d4d4c7b60e696d1241468d72419e20c3e0bed73f2bd962a00f161dc,0.999876,1.057149,1.542686
pbv11-sample-002-baseline,pbv11-sample-002-variant-b,compressed_version,ru,public-domain literary text,literary prose,public-benchmark-v1.1-released-variant,released-public-benchmark-v1.1,6bc55c1491cd30bc0246e558e3612676bb92e162cf3d1b40da750c86b0ae420b,c74f503d94cefb92a0b495a2d5c3769b13ec55267ec50c1d15c6dc19d5d504ac,0.993684,5.020702,5.896079
pbv11-sample-002-baseline,pbv11-sample-002-variant-e,formalized_style,ru,public-domain literary text,literary prose,public-benchmark-v1.1-released-variant,released-public-benchmark-v1.1,6bc55c1491cd30bc0246e558e3612676bb92e162cf3d1b40da750c86b0ae420b,03f3a88113171b4a5da3135a37b085921a1e3e1fede5efbc3ad766cd97d01919,0.998936,1.017538,1.6318
pbv11-sample-002-baseline,pbv11-sample-002-variant-f,informalized_style,ru,public-domain literary text,literary prose,public-benchmark-v1.1-released-variant,released-public-benchmark-v1.1,6bc55c1491cd30bc0246e558e3612676bb92e162cf3d1b40da750c86b0ae420b,70594a25ba741ea89a6bd8dffc8f9c2d34d9e71d6236206a5671f77af8474318,0.999809,1.01172,1.298641
pbv11-sample-002-baseline,pbv11-sample-002-variant-a,punctuation_cleanup,ru,public-domain literary text,literary prose,public-benchmark-v1.1-released-variant,released-public-benchmark-v1.1,6bc55c1491cd30bc0246e558e3612676bb92e162cf3d1b40da750c86b0ae420b,6fd08a55d66b82269d20cbd1b3ec1359c3bb84451ec5c9c13d9ecd5611de4a84,0.999999,0.030982,0.043728
pbv11-sample-002-baseline,pbv11-sample-002-baseline-punctuation_strip,punctuation_strip,ru,public-domain literary text,literary prose,deterministic-in-memory-public-transform,deterministic-public-growth-v1,6bc55c1491cd30bc0246e558e3612676bb92e162cf3d1b40da750c86b0ae420b,6f9001ba4e1437a398da21f10f6342b18d42e2268991f7bdb94bb988cf340844,0.975514,19.500049,19.562127
pbv11-sample-002-baseline,pbv11-sample-002-baseline-sentence_order_rotate,sentence_order_rotate,ru,public-domain literary text,literary prose,deterministic-in-memory-public-transform,deterministic-public-growth-v1,6bc55c1491cd30bc0246e558e3612676bb92e162cf3d1b40da750c86b0ae420b,35ea1d6667f8b8dd6aef579d5bc8d1bb8b472c2d56ac706c2e1a9e92b096c501,1.0,0.003384,0.003384
pbv11-sample-002-baseline,pbv11-sample-002-variant-c,sentence_split_merge,ru,public-domain literary text,literary prose,public-benchmark-v1.1-released-variant,released-public-benchmark-v1.1,6bc55c1491cd30bc0246e558e3612676bb92e162cf3d1b40da750c86b0ae420b,6c292342831d1e9ce9f16be82a8f17ffb038ce40745401a41fdd5ac7086b9b63,0.959019,9.257285,9.735118
pbv11-sample-002-baseline,pbv11-sample-002-baseline-token_pair_swap,token_pair_swap,ru,public-domain literary text,literary prose,deterministic-in-memory-public-transform,deterministic-public-growth-v1,6bc55c1491cd30bc0246e558e3612676bb92e162cf3d1b40da750c86b0ae420b,35d4815ac4dedbc73f73652fef1f02c5e90bea320dd16ca932064575a9908473,1.0,0.003384,0.003384
pbv11-sample-002-baseline,pbv11-sample-002-baseline-token_stride_drop,token_stride_drop,ru,public-domain literary text,literary prose,deterministic-in-memory-public-transform,deterministic-public-growth-v1,6bc55c1491cd30bc0246e558e3612676bb92e162cf3d1b40da750c86b0ae420b,80098e333927d55534e1d3d019fc034dcbd3161c549ef5f3d057aa9d7e9f001d,0.998782,2.016255,2.474604
pbv11-sample-002-baseline,pbv11-sample-002-baseline-token_stride_duplicate,token_stride_duplicate,ru,public-domain literary text,literary prose,deterministic-in-memory-public-transform,deterministic-public-growth-v1,6bc55c1491cd30bc0246e558e3612676bb92e162cf3d1b40da750c86b0ae420b,b57d14529b3f525e8c8005c3905fafd74e57557c1a6a2af1dfafdce72a921c9f,0.999494,1.514517,1.978622
pbv11-sample-002-baseline,pbv11-sample-002-variant-d,word_order_shift,ru,public-domain literary text,literary prose,public-benchmark-v1.1-released-variant,released-public-benchmark-v1.1,6bc55c1491cd30bc0246e558e3612676bb92e162cf3d1b40da750c86b0ae420b,2665b6abda162cab1cbcf658a2e3b6d100161d28479bdbf11d5e06b93a0fbec6,0.999902,0.519811,0.717324
pbv11-sample-003-baseline,pbv11-sample-003-variant-b,compressed_version,en,public-domain government text,government prose,public-benchmark-v1.1-released-variant,released-public-benchmark-v1.1,c3af659184e0681a26b6ecaf9bdbf625e113170192132fdc4c5474b0e36a0c1d,8c6120b378e88a2f57f84a56242bb7916a4b2f605702feaa7635c192db62de13,0.998858,13.008216,13.994336
pbv11-sample-003-baseline,pbv11-sample-003-variant-e,formalized_style,en,public-domain government text,government prose,public-benchmark-v1.1-released-variant,released-public-benchmark-v1.1,c3af659184e0681a26b6ecaf9bdbf625e113170192132fdc4c5474b0e36a0c1d,e5333bf495e46fe2babebfe44ead1f5f961a7440dd1b214a2fd91bf34addab8a,0.999729,6.006751,6.640713
pbv11-sample-003-baseline,pbv11-sample-003-variant-f,informalized_style,en,public-domain government text,government prose,public-benchmark-v1.1-released-variant,released-public-benchmark-v1.1,c3af659184e0681a26b6ecaf9bdbf625e113170192132fdc4c5474b0e36a0c1d,7c640425609288153cff9ff0ea56f82d1c1bf88c3357bdca3d9014cfedb60f20,0.999478,11.024134,12.733989
pbv11-sample-003-baseline,pbv11-sample-003-variant-a,punctuation_cleanup,en,public-domain government text,government prose,public-benchmark-v1.1-released-variant,released-public-benchmark-v1.1,c3af659184e0681a26b6ecaf9bdbf625e113170192132fdc4c5474b0e36a0c1d,31e44a6dd41cde622a77c007dd57cce3468ce83f108cc748aaedd85d78c84bd1,1.0,0.038211,0.057334
pbv11-sample-003-baseline,pbv11-sample-003-baseline-punctuation_strip,punctuation_strip,en,public-domain government text,government prose,deterministic-in-memory-public-transform,deterministic-public-growth-v1,c3af659184e0681a26b6ecaf9bdbf625e113170192132fdc4c5474b0e36a0c1d,04c631efaeb2e34545c7a0edac7ce40d1d90281ea1c0f554da1272c679f0afaa,1.0,0.040119,0.056723
pbv11-sample-003-baseline,pbv11-sample-003-baseline-sentence_order_rotate,sentence_order_rotate,en,public-domain government text,government prose,deterministic-in-memory-public-transform,deterministic-public-growth-v1,c3af659184e0681a26b6ecaf9bdbf625e113170192132fdc4c5474b0e36a0c1d,c3af659184e0681a26b6ecaf9bdbf625e113170192132fdc4c5474b0e36a0c1d,1.0,0.0,0.0
pbv11-sample-003-baseline,pbv11-sample-003-variant-c,sentence_split_merge,en,public-domain government text,government prose,public-benchmark-v1.1-released-variant,released-public-benchmark-v1.1,c3af659184e0681a26b6ecaf9bdbf625e113170192132fdc4c5474b0e36a0c1d,2d789f4faa49fe842246605c55348b77cb08c814978fc3d6f4dd031af7c54ad7,0.922081,37.750425,38.161818
pbv11-sample-003-baseline,pbv11-sample-003-baseline-token_pair_swap,token_pair_swap,en,public-domain government text,government prose,deterministic-in-memory-public-transform,deterministic-public-growth-v1,c3af659184e0681a26b6ecaf9bdbf625e113170192132fdc4c5474b0e36a0c1d,98ee51ffed057e3580cc4a57267add90d494b4c481dc48d52733076426c857d0,0.986569,26.0,26.003044
pbv11-sample-003-baseline,pbv11-sample-003-baseline-token_stride_drop,token_stride_drop,en,public-domain government text,government prose,deterministic-in-memory-public-transform,deterministic-public-growth-v1,c3af659184e0681a26b6ecaf9bdbf625e113170192132fdc4c5474b0e36a0c1d,9d2c55495f3d48389ba8c7fdbd8247b44b8168a0a723d057181aabe5d151c002,0.99983,5.003682,5.407866
pbv11-sample-003-baseline,pbv11-sample-003-baseline-token_stride_duplicate,token_stride_duplicate,en,public-domain government text,government prose,deterministic-in-memory-public-transform,deterministic-public-growth-v1,c3af659184e0681a26b6ecaf9bdbf625e113170192132fdc4c5474b0e36a0c1d,c8c7f554958e186efe2fa4b0972a799354698f7315bbb8dec58dfedbf126e534,0.999912,4.004968,4.416953
pbv11-sample-003-baseline,pbv11-sample-003-variant-d,word_order_shift,en,public-domain government text,government prose,public-benchmark-v1.1-released-variant,released-public-benchmark-v1.1,c3af659184e0681a26b6ecaf9bdbf625e113170192132fdc4c5474b0e36a0c1d,5811f5e5544ece22cc562ac56dff3ada33ebd64d68f73de56533f123f68e8049,0.981326,28.500757,28.973362
pbv11-sample-004-baseline,pbv11-sample-004-variant-b,compressed_version,fr,public-domain literary text,literary prose,public-benchmark-v1.1-released-variant,released-public-benchmark-v1.1,832218ecb4d57dd425cae6b8a7f0d66246ddb083b73ba6df293b1577516573f8,0358a22a75f2b0d060f0f9a290f72d66131332c09368f64c5338290f15a2e14d,0.94479,9.323723,10.314347
pbv11-sample-004-baseline,pbv11-sample-004-variant-e,formalized_style,fr,public-domain literary text,literary prose,public-benchmark-v1.1-released-variant,released-public-benchmark-v1.1,832218ecb4d57dd425cae6b8a7f0d66246ddb083b73ba6df293b1577516573f8,4dc61f036863053283359d46c83346aeed3b8087dab579922c41ebe5dda5e1a6,0.995596,2.110629,3.499287
pbv11-sample-004-baseline,pbv11-sample-004-variant-f,informalized_style,fr,public-domain literary text,literary prose,public-benchmark-v1.1-released-variant,released-public-benchmark-v1.1,832218ecb4d57dd425cae6b8a7f0d66246ddb083b73ba6df293b1577516573f8,35945799e06e1fb4ee80ce439145b9bbd8afe96622eb81d0907ea29221c33d1a,0.92405,11.800846,12.103896
pbv11-sample-004-baseline,pbv11-sample-004-variant-a,punctuation_cleanup,fr,public-domain literary text,literary prose,public-benchmark-v1.1-released-variant,released-public-benchmark-v1.1,832218ecb4d57dd425cae6b8a7f0d66246ddb083b73ba6df293b1577516573f8,b21b4252f268cc3cd3a27f2f4289d84fc53360e8e23fbd6264ab511e6ca336cf,0.837681,32.8001,32.914041
pbv11-sample-004-baseline,pbv11-sample-004-baseline-punctuation_strip,punctuation_strip,fr,public-domain literary text,literary prose,deterministic-in-memory-public-transform,deterministic-public-growth-v1,832218ecb4d57dd425cae6b8a7f0d66246ddb083b73ba6df293b1577516573f8,39302e205ad57433a220d5d25dae56c3c28f13ad078c085a8492dfa954cd0a20,0.837335,32.800155,32.987902
pbv11-sample-004-baseline,pbv11-sample-004-baseline-sentence_order_rotate,sentence_order_rotate,fr,public-domain literary text,literary prose,deterministic-in-memory-public-transform,deterministic-public-growth-v1,832218ecb4d57dd425cae6b8a7f0d66246ddb083b73ba6df293b1577516573f8,b2a2b58c358d757bf13dd98062561ff1dc2243014eb1c0f53187aefe03e89e9c,1.0,0.00464,0.00464
pbv11-sample-004-baseline,pbv11-sample-004-variant-c,sentence_split_merge,fr,public-domain literary text,literary prose,public-benchmark-v1.1-released-variant,released-public-benchmark-v1.1,832218ecb4d57dd425cae6b8a7f0d66246ddb083b73ba6df293b1577516573f8,4b63ea05acf1f1e65723ebdc8763b6205356155d195ebd3487349f101f056e8a,0.997338,1.351558,1.865401
pbv11-sample-004-baseline,pbv11-sample-004-baseline-token_pair_swap,token_pair_swap,fr,public-domain literary text,literary prose,deterministic-in-memory-public-transform,deterministic-public-growth-v1,832218ecb4d57dd425cae6b8a7f0d66246ddb083b73ba6df293b1577516573f8,1c1ba8681a1076930f3780a467d50eb326f4b754f4f78ec7cef21835d197866a,1.0,0.00464,0.00464
pbv11-sample-004-baseline,pbv11-sample-004-baseline-token_stride_drop,token_stride_drop,fr,public-domain literary text,literary prose,deterministic-in-memory-public-transform,deterministic-public-growth-v1,832218ecb4d57dd425cae6b8a7f0d66246ddb083b73ba6df293b1577516573f8,c1b42d6058e66fe0f365455a81ea42b7c793f4b1bf93d7e69e10ced894a433dc,0.999088,0.815059,1.123466
pbv11-sample-004-baseline,pbv11-sample-004-baseline-token_stride_duplicate,token_stride_duplicate,fr,public-domain literary text,literary prose,deterministic-in-memory-public-transform,deterministic-public-growth-v1,832218ecb4d57dd425cae6b8a7f0d66246ddb083b73ba6df293b1577516573f8,ff6f4b94ac3d1babc8ab81f71ec8ae195771a2c9e9231caca61b5921318937eb,0.997808,0.891882,1.374862
pbv11-sample-004-baseline,pbv11-sample-004-variant-d,word_order_shift,fr,public-domain literary text,literary prose,public-benchmark-v1.1-released-variant,released-public-benchmark-v1.1,832218ecb4d57dd425cae6b8a7f0d66246ddb083b73ba6df293b1577516573f8,f9e9e31b2e62238e5ab2f539327dfc233378dbf29bb583441fd3c1403f1d74cc,0.847367,29.801674,30.367929
pbv11-sample-005-baseline,pbv11-sample-005-variant-b,compressed_version,en,public-domain political prose,political prose,public-benchmark-v1.1-released-variant,released-public-benchmark-v1.1,90c5eb88f97b1d107c7c85808c1e416ec89b2fb0e93bf50b530997a4ba6b0c8f,74958a5688cc936c40234dc8724008d1fbfbee8136a9e2872c8e5801f7b9d1ee,0.998787,5.029025,6.268128
pbv11-sample-005-baseline,pbv11-sample-005-variant-e,formalized_style,en,public-domain political prose,political prose,public-benchmark-v1.1-released-variant,released-public-benchmark-v1.1,90c5eb88f97b1d107c7c85808c1e416ec89b2fb0e93bf50b530997a4ba6b0c8f,99539e247fcfd0716f89710ffef216350299b7c871174caf1bdcad026847b945,0.999993,0.515292,0.693307
pbv11-sample-005-baseline,pbv11-sample-005-variant-f,informalized_style,en,public-domain political prose,political prose,public-benchmark-v1.1-released-variant,released-public-benchmark-v1.1,90c5eb88f97b1d107c7c85808c1e416ec89b2fb0e93bf50b530997a4ba6b0c8f,de1bfafd6b6d1d60acd7ed9e6e1c0302535b50143b3a5cbe0ac8c610f120f81a,0.991562,9.525664,10.988188
pbv11-sample-005-baseline,pbv11-sample-005-variant-a,punctuation_cleanup,en,public-domain political prose,political prose,public-benchmark-v1.1-released-variant,released-public-benchmark-v1.1,90c5eb88f97b1d107c7c85808c1e416ec89b2fb0e93bf50b530997a4ba6b0c8f,ea53ecdf5404a9af199c0d6571b51847516e0b764d3c25f1e44888e97cdb5a19,0.988313,27.000024,27.050473
pbv11-sample-005-baseline,pbv11-sample-005-baseline-punctuation_strip,punctuation_strip,en,public-domain political prose,political prose,deterministic-in-memory-public-transform,deterministic-public-growth-v1,90c5eb88f97b1d107c7c85808c1e416ec89b2fb0e93bf50b530997a4ba6b0c8f,7d4e2128158f8b48ca1d75df14054637a8d39275f19612a01ee95325cd8d27a5,0.988307,27.000027,27.05379
pbv11-sample-005-baseline,pbv11-sample-005-baseline-sentence_order_rotate,sentence_order_rotate,en,public-domain political prose,political prose,deterministic-in-memory-public-transform,deterministic-public-growth-v1,90c5eb88f97b1d107c7c85808c1e416ec89b2fb0e93bf50b530997a4ba6b0c8f,4dc4273b4a9292736f285ad1fd011ba910d8cb8824653c8cc9cd36c80c6cb947,1.0,0.003241,0.003241
pbv11-sample-005-baseline,pbv11-sample-005-variant-c,sentence_split_merge,en,public-domain political prose,political prose,public-benchmark-v1.1-released-variant,released-public-benchmark-v1.1,90c5eb88f97b1d107c7c85808c1e416ec89b2fb0e93bf50b530997a4ba6b0c8f,7a023d2021fa247450fc230b0785b8451870e068d91c7512b9ad523af718f94a,0.97415,12.501348,12.895353
pbv11-sample-005-baseline,pbv11-sample-005-baseline-token_pair_swap,token_pair_swap,en,public-domain political prose,political prose,deterministic-in-memory-public-transform,deterministic-public-growth-v1,90c5eb88f97b1d107c7c85808c1e416ec89b2fb0e93bf50b530997a4ba6b0c8f,512dc285671d21ddad23b9caadc1bc23b824908800661dd0aa4dfedd0d04cbef,1.0,0.003241,0.003241
pbv11-sample-005-baseline,pbv11-sample-005-baseline-token_stride_drop,token_stride_drop,en,public-domain political prose,political prose,deterministic-in-memory-public-transform,deterministic-public-growth-v1,90c5eb88f97b1d107c7c85808c1e416ec89b2fb0e93bf50b530997a4ba6b0c8f,8b027b3c116cf9e7465e4ee8b81e0a4fa5f06b15327c8739478dc2740dcb958f,0.999388,3.006378,3.392501
pbv11-sample-005-baseline,pbv11-sample-005-baseline-token_stride_duplicate,token_stride_duplicate,en,public-domain political prose,political prose,deterministic-in-memory-public-transform,deterministic-public-growth-v1,90c5eb88f97b1d107c7c85808c1e416ec89b2fb0e93bf50b530997a4ba6b0c8f,704c2dfe42fca63338da6f612a842973a3131115f5a3387b8f9b10bb5769318e,0.999879,2.016392,2.584809
pbv11-sample-005-baseline,pbv11-sample-005-variant-d,word_order_shift,en,public-domain political prose,political prose,public-benchmark-v1.1-released-variant,released-public-benchmark-v1.1,90c5eb88f97b1d107c7c85808c1e416ec89b2fb0e93bf50b530997a4ba6b0c8f,84727bea5bb91e1a06378c79be4aa109b3908ec918494924f5cbf9829e25aec1,0.997886,5.518001,6.517675
pbv11-sample-006-baseline,pbv11-sample-006-variant-b,compressed_version,es,public-domain literary text,literary prose,public-benchmark-v1.1-released-variant,released-public-benchmark-v1.1,ff6fa70e08e26d866bd21c18fdf196bf58115892fa513a4b91a1605ff29652fb,f9cf632fe90d0ae6560b3d7ed11f4293624be79ac98b4d13a883b8488e431ce2,0.999411,5.006289,5.490476
pbv11-sample-006-baseline,pbv11-sample-006-variant-e,formalized_style,es,public-domain literary text,literary prose,public-benchmark-v1.1-released-variant,released-public-benchmark-v1.1,ff6fa70e08e26d866bd21c18fdf196bf58115892fa513a4b91a1605ff29652fb,c31015e4e3f725653f449abd50ec67da89eee0bd0f3138be4e28e740c8709676,0.999545,3.044332,3.765073
pbv11-sample-006-baseline,pbv11-sample-006-variant-f,informalized_style,es,public-domain literary text,literary prose,public-benchmark-v1.1-released-variant,released-public-benchmark-v1.1,ff6fa70e08e26d866bd21c18fdf196bf58115892fa513a4b91a1605ff29652fb,f3ff2139a825058161be321d00d10c128f004ac4dc71771bf9392c8702c74f8b,0.999938,2.04824,2.954299
pbv11-sample-006-baseline,pbv11-sample-006-variant-a,punctuation_cleanup,es,public-domain literary text,literary prose,public-benchmark-v1.1-released-variant,released-public-benchmark-v1.1,ff6fa70e08e26d866bd21c18fdf196bf58115892fa513a4b91a1605ff29652fb,c8f9b6706352645d9b7bb68b2d4c8b27c618e0d613d5fe73dee6c5d828aa99a5,0.999999,0.044629,0.062814
pbv11-sample-006-baseline,pbv11-sample-006-baseline-punctuation_strip,punctuation_strip,es,public-domain literary text,literary prose,deterministic-in-memory-public-transform,deterministic-public-growth-v1,ff6fa70e08e26d866bd21c18fdf196bf58115892fa513a4b91a1605ff29652fb,c5787597bc68cf3b4786d7e8227cd6bfffc6d6dfd0f7386c4a9c0a871a340309,0.999999,0.048492,0.068577
pbv11-sample-006-baseline,pbv11-sample-006-baseline-sentence_order_rotate,sentence_order_rotate,es,public-domain literary text,literary prose,deterministic-in-memory-public-transform,deterministic-public-growth-v1,ff6fa70e08e26d866bd21c18fdf196bf58115892fa513a4b91a1605ff29652fb,ff6fa70e08e26d866bd21c18fdf196bf58115892fa513a4b91a1605ff29652fb,1.0,0.0,0.0
pbv11-sample-006-baseline,pbv11-sample-006-variant-c,sentence_split_merge,es,public-domain literary text,literary prose,public-benchmark-v1.1-released-variant,released-public-benchmark-v1.1,ff6fa70e08e26d866bd21c18fdf196bf58115892fa513a4b91a1605ff29652fb,3bbc7ea305a03d56da8ccaf8951d2cf82926831fba511807babf584675f452f1,0.927217,23.335555,23.770281
pbv11-sample-006-baseline,pbv11-sample-006-baseline-token_pair_swap,token_pair_swap,es,public-domain literary text,literary prose,deterministic-in-memory-public-transform,deterministic-public-growth-v1,ff6fa70e08e26d866bd21c18fdf196bf58115892fa513a4b91a1605ff29652fb,c923d6f84f5fedad7678cfc269751dbb11be9261ceb961a1c9d6d9cd45b9b702,1.0,0.005602,0.005602
pbv11-sample-006-baseline,pbv11-sample-006-baseline-token_stride_drop,token_stride_drop,es,public-domain literary text,literary prose,deterministic-in-memory-public-transform,deterministic-public-growth-v1,ff6fa70e08e26d866bd21c18fdf196bf58115892fa513a4b91a1605ff29652fb,bb4e6d6d04478a86d19e02e27acb1de48c703ddeb9561e182061557869e45575,0.999724,4.003991,4.339434
pbv11-sample-006-baseline,pbv11-sample-006-baseline-token_stride_duplicate,token_stride_duplicate,es,public-domain literary text,literary prose,deterministic-in-memory-public-transform,deterministic-public-growth-v1,ff6fa70e08e26d866bd21c18fdf196bf58115892fa513a4b91a1605ff29652fb,dcb3da1e1b2b3aa1943d8d2bedf6171b7f1685e90c3be9e6ab29492b7ba316f1,0.999967,2.013825,2.532288
pbv11-sample-006-baseline,pbv11-sample-006-variant-d,word_order_shift,es,public-domain literary text,literary prose,public-benchmark-v1.1-released-variant,released-public-benchmark-v1.1,ff6fa70e08e26d866bd21c18fdf196bf58115892fa513a4b91a1605ff29652fb,c031661bf2e9bd69cc8bc46be185d36637a41afadfcab453f2cdfc577e8c19e9,0.999775,3.006807,3.448937
pbv11-sample-007-baseline,pbv11-sample-007-variant-b,compressed_version,fr,public-domain political prose,political prose,public-benchmark-v1.1-released-variant,released-public-benchmark-v1.1,231b055ece32c22630fe2e4510a19a736dd164b8fdffefdc647db7d34b7a34d9,8ae70bf299d049b4ae9b308684e450db07e9b1a04e7c9f4376c15dfcb04762f4,0.999853,7.005409,7.499613
pbv11-sample-007-baseline,pbv11-sample-007-variant-e,formalized_style,fr,public-domain political prose,political prose,public-benchmark-v1.1-released-variant,released-public-benchmark-v1.1,231b055ece32c22630fe2e4510a19a736dd164b8fdffefdc647db7d34b7a34d9,85de2a1c61b7b95acc384e42e4ea0a42efdfde8acc25af65308adf06ef3891e8,0.999999,0.081922,0.116846
pbv11-sample-007-baseline,pbv11-sample-007-variant-f,informalized_style,fr,public-domain political prose,political prose,public-benchmark-v1.1-released-variant,released-public-benchmark-v1.1,231b055ece32c22630fe2e4510a19a736dd164b8fdffefdc647db7d34b7a34d9,7fec9d13c398ffd80b97fa16eb71f3b701a34791afd7e03be6c9cc80c8714592,0.97777,40.506157,42.06285
pbv11-sample-007-baseline,pbv11-sample-007-variant-a,punctuation_cleanup,fr,public-domain political prose,political prose,public-benchmark-v1.1-released-variant,released-public-benchmark-v1.1,231b055ece32c22630fe2e4510a19a736dd164b8fdffefdc647db7d34b7a34d9,2acd9d89e4372d188006343dbfe52d925c71e68ed75dc88fe1aa785f1c706934,1.0,0.036369,0.051302
pbv11-sample-007-baseline,pbv11-sample-007-baseline-punctuation_strip,punctuation_strip,fr,public-domain political prose,political prose,deterministic-in-memory-public-transform,deterministic-public-growth-v1,231b055ece32c22630fe2e4510a19a736dd164b8fdffefdc647db7d34b7a34d9,172f9226d708f3998b569b5f865b45caa648d23572354a8b2b671e702c306934,1.0,0.038412,0.054319
pbv11-sample-007-baseline,pbv11-sample-007-baseline-sentence_order_rotate,sentence_order_rotate,fr,public-domain political prose,political prose,deterministic-in-memory-public-transform,deterministic-public-growth-v1,231b055ece32c22630fe2e4510a19a736dd164b8fdffefdc647db7d34b7a34d9,231b055ece32c22630fe2e4510a19a736dd164b8fdffefdc647db7d34b7a34d9,1.0,0.0,0.0
pbv11-sample-007-baseline,pbv11-sample-007-variant-c,sentence_split_merge,fr,public-domain political prose,political prose,public-benchmark-v1.1-released-variant,released-public-benchmark-v1.1,231b055ece32c22630fe2e4510a19a736dd164b8fdffefdc647db7d34b7a34d9,fd177e0fd64220bed8bbdb61a4ac243da8b1812b4d3a43113339aaa50e51addd,0.966625,42.000004,42.035029
pbv11-sample-007-baseline,pbv11-sample-007-baseline-token_pair_swap,token_pair_swap,fr,public-domain political prose,political prose,deterministic-in-memory-public-transform,deterministic-public-growth-v1,231b055ece32c22630fe2e4510a19a736dd164b8fdffefdc647db7d34b7a34d9,bb5569610e461f59679a0934745c23a72cb3b5752fd9351b500548b62a99f90f,1.0,0.002946,0.002946
pbv11-sample-007-baseline,pbv11-sample-007-baseline-token_stride_drop,token_stride_drop,fr,public-domain political prose,political prose,deterministic-in-memory-public-transform,deterministic-public-growth-v1,231b055ece32c22630fe2e4510a19a736dd164b8fdffefdc647db7d34b7a34d9,69df686562983d4ef141c7a0b1667fc8ad3c8dd8ebece67b34e256d8793ca9ac,0.999935,6.003783,6.472516
pbv11-sample-007-baseline,pbv11-sample-007-baseline-token_stride_duplicate,token_stride_duplicate,fr,public-domain political prose,political prose,deterministic-in-memory-public-transform,deterministic-public-growth-v1,231b055ece32c22630fe2e4510a19a736dd164b8fdffefdc647db7d34b7a34d9,695e70c1297322cd13de0d4de68927ff43eec4ef601b25b5f48222824ebfe74d,0.993817,28.000726,28.432716
pbv11-sample-007-baseline,pbv11-sample-007-variant-d,word_order_shift,fr,public-domain political prose,political prose,public-benchmark-v1.1-released-variant,released-public-benchmark-v1.1,231b055ece32c22630fe2e4510a19a736dd164b8fdffefdc647db7d34b7a34d9,eb45e28d462e8cc0793eb63aec00faeb1415442165eea2982909bbf8a86feb50,0.999779,8.007249,8.683926
pbv11-sample-008-baseline,pbv11-sample-008-variant-b,compressed_version,es,public-domain government text,government prose,public-benchmark-v1.1-released-variant,released-public-benchmark-v1.1,dedab7a51961477e0aa99b97250fe139bee4da8ab8668c12f172dc5604051266,a80b9244a6cd72955fe9799cd1ae31eae4b062a2c2becbedad8905701b7cc38e,0.999106,13.006558,13.812144
pbv11-sample-008-baseline,pbv11-sample-008-variant-e,formalized_style,es,public-domain government text,government prose,public-benchmark-v1.1-released-variant,released-public-benchmark-v1.1,dedab7a51961477e0aa99b97250fe139bee4da8ab8668c12f172dc5604051266,7a6d0baa8b9771e63b1618c3c85b6da13b86a560833e8bd9ac04724777b7c7b5,0.999986,2.001175,2.159047
pbv11-sample-008-baseline,pbv11-sample-008-variant-f,informalized_style,es,public-domain government text,government prose,public-benchmark-v1.1-released-variant,released-public-benchmark-v1.1,dedab7a51961477e0aa99b97250fe139bee4da8ab8668c12f172dc5604051266,b4c2c2b99db22cd6f1e119f4e6add78d5215fb43db6465e3270102e8f6814219,0.995582,24.021321,26.271705
pbv11-sample-008-baseline,pbv11-sample-008-variant-a,punctuation_cleanup,es,public-domain government text,government prose,public-benchmark-v1.1-released-variant,released-public-benchmark-v1.1,dedab7a51961477e0aa99b97250fe139bee4da8ab8668c12f172dc5604051266,f75662578cb9b7dac3d95cec5cb453120ee3306de68b9a1f46c7ae224d21cbaf,1.0,0.031816,0.044839
pbv11-sample-008-baseline,pbv11-sample-008-baseline-punctuation_strip,punctuation_strip,es,public-domain government text,government prose,deterministic-in-memory-public-transform,deterministic-public-growth-v1,dedab7a51961477e0aa99b97250fe139bee4da8ab8668c12f172dc5604051266,de3c22bfd89c3ca297bb486a3e6c056625fcc9a54850fac24024e35f297bf817,1.0,0.034158,0.048306
pbv11-sample-008-baseline,pbv11-sample-008-baseline-sentence_order_rotate,sentence_order_rotate,es,public-domain government text,government prose,deterministic-in-memory-public-transform,deterministic-public-growth-v1,dedab7a51961477e0aa99b97250fe139bee4da8ab8668c12f172dc5604051266,dedab7a51961477e0aa99b97250fe139bee4da8ab8668c12f172dc5604051266,1.0,0.0,0.0
pbv11-sample-008-baseline,pbv11-sample-008-variant-c,sentence_split_merge,es,public-domain government text,government prose,public-benchmark-v1.1-released-variant,released-public-benchmark-v1.1,dedab7a51961477e0aa99b97250fe139bee4da8ab8668c12f172dc5604051266,01e71fe9e8303381dc02edfd1d57de41b4865aa4e4f55fc9a590fae06ebd6055,0.989236,27.000201,27.245921
pbv11-sample-008-baseline,pbv11-sample-008-baseline-token_pair_swap,token_pair_swap,es,public-domain government text,government prose,deterministic-in-memory-public-transform,deterministic-public-growth-v1,dedab7a51961477e0aa99b97250fe139bee4da8ab8668c12f172dc5604051266,8a18dc1f09ed9c9f02d70cd7d9d87e4e973ec7e7ba256c9b2b770f5a5211f609,1.0,0.003395,0.003395
pbv11-sample-008-baseline,pbv11-sample-008-baseline-token_stride_drop,token_stride_drop,es,public-domain government text,government prose,deterministic-in-memory-public-transform,deterministic-public-growth-v1,dedab7a51961477e0aa99b97250fe139bee4da8ab8668c12f172dc5604051266,8a8daac0a4bbbd20531be07f78707573c39cba89a404e5dc6591383bcaf18657,0.99985,5.006763,5.499686
pbv11-sample-008-baseline,pbv11-sample-008-baseline-token_stride_duplicate,token_stride_duplicate,es,public-domain government text,government prose,deterministic-in-memory-public-transform,deterministic-public-growth-v1,dedab7a51961477e0aa99b97250fe139bee4da8ab8668c12f172dc5604051266,7cc12ad2db6b80d2039d615cc86077eab025876569645b9f5ce6b104b75e9485,0.999962,3.002804,3.302256
pbv11-sample-008-baseline,pbv11-sample-008-variant-d,word_order_shift,es,public-domain government text,government prose,public-benchmark-v1.1-released-variant,released-public-benchmark-v1.1,dedab7a51961477e0aa99b97250fe139bee4da8ab8668c12f172dc5604051266,79cd7aa034b13b773b779ff2b3ab40c7bf8deee85ba590964c4d8ea5f02b480d,0.99947,11.006292,11.784997
pbv11-sample-009-baseline,pbv11-sample-009-variant-b,compressed_version,de,public-domain government text,government prose,public-benchmark-v1.1-released-variant,released-public-benchmark-v1.1,b13990d3ab6bd9936c8d17eb4ebebe82920481e4ce980c0aa8d162e45ec63ba1,aabb50ca4524dd3a5f527b4ce9b894c6649be09716faa8f458d2b4246a9e4034,0.999752,0.696509,1.43985
pbv11-sample-009-baseline,pbv11-sample-009-variant-e,formalized_style,de,public-domain government text,government prose,public-benchmark-v1.1-released-variant,released-public-benchmark-v1.1,b13990d3ab6bd9936c8d17eb4ebebe82920481e4ce980c0aa8d162e45ec63ba1,6642a08575dcff4d28877dacbd361a6b534a29147d47612d02cbaa16fab410c4,0.999747,0.395309,0.65976
pbv11-sample-009-baseline,pbv11-sample-009-variant-f,informalized_style,de,public-domain government text,government prose,public-benchmark-v1.1-released-variant,released-public-benchmark-v1.1,b13990d3ab6bd9936c8d17eb4ebebe82920481e4ce980c0aa8d162e45ec63ba1,d57e06fdb7c00c8be9ce1ed110135e77063186e646304ee88468c39697694760,0.989704,3.57843,5.071218
pbv11-sample-009-baseline,pbv11-sample-009-variant-a,punctuation_cleanup,de,public-domain government text,government prose,public-benchmark-v1.1-released-variant,released-public-benchmark-v1.1,b13990d3ab6bd9936c8d17eb4ebebe82920481e4ce980c0aa8d162e45ec63ba1,fff15342068dcd367721f454bf3723f94e473c278cd211ff939617875726b7e9,0.96568,14.000009,14.022928
pbv11-sample-009-baseline,pbv11-sample-009-baseline-punctuation_strip,punctuation_strip,de,public-domain government text,government prose,deterministic-in-memory-public-transform,deterministic-public-growth-v1,b13990d3ab6bd9936c8d17eb4ebebe82920481e4ce980c0aa8d162e45ec63ba1,03a13e53280dfdbf8f59b5837d586257a48f46632f5bc24b8e773ffd52d05f36,0.965654,14.000014,14.028261
pbv11-sample-009-baseline,pbv11-sample-009-baseline-sentence_order_rotate,sentence_order_rotate,de,public-domain government text,government prose,deterministic-in-memory-public-transform,deterministic-public-growth-v1,b13990d3ab6bd9936c8d17eb4ebebe82920481e4ce980c0aa8d162e45ec63ba1,7face470462adea2c6a26656581468c8c9f0283175e51f7566f338cf2b3ec9ce,1.0,0.005277,0.005277
pbv11-sample-009-baseline,pbv11-sample-009-variant-c,sentence_split_merge,de,public-domain government text,government prose,public-benchmark-v1.1-released-variant,released-public-benchmark-v1.1,b13990d3ab6bd9936c8d17eb4ebebe82920481e4ce980c0aa8d162e45ec63ba1,9e8c12963cc7a28292291e2e7e1e0ad1ffcd1b6107f2e5fb968b311959c8eaf6,0.985696,4.003811,4.407416
pbv11-sample-009-baseline,pbv11-sample-009-baseline-token_pair_swap,token_pair_swap,de,public-domain government text,government prose,deterministic-in-memory-public-transform,deterministic-public-growth-v1,b13990d3ab6bd9936c8d17eb4ebebe82920481e4ce980c0aa8d162e45ec63ba1,a7d1fbcfeaa19ac17280a85d1a055d62921ed9525961ce9b18481b77266eb4a8,1.0,0.005277,0.005277
pbv11-sample-009-baseline,pbv11-sample-009-baseline-token_stride_drop,token_stride_drop,de,public-domain government text,government prose,deterministic-in-memory-public-transform,deterministic-public-growth-v1,b13990d3ab6bd9936c8d17eb4ebebe82920481e4ce980c0aa8d162e45ec63ba1,f5caec64c5161177bd36c48931065d174a65af1f14173ea8a54a1c46bba31736,0.998088,1.534783,2.228168
pbv11-sample-009-baseline,pbv11-sample-009-baseline-token_stride_duplicate,token_stride_duplicate,de,public-domain government text,government prose,deterministic-in-memory-public-transform,deterministic-public-growth-v1,b13990d3ab6bd9936c8d17eb4ebebe82920481e4ce980c0aa8d162e45ec63ba1,3eb6427aa34e3423af9a4fe8b7983333abaa09545580ce6359d4c3b63b4c0570,0.989568,3.676426,4.306037
pbv11-sample-009-baseline,pbv11-sample-009-variant-d,word_order_shift,de,public-domain government text,government prose,public-benchmark-v1.1-released-variant,released-public-benchmark-v1.1,b13990d3ab6bd9936c8d17eb4ebebe82920481e4ce980c0aa8d162e45ec63ba1,c53eda40110615e93ed63b4c559ddd0c8c1e0cf35e3a61425d256ee12b15a12b,0.999969,0.135137,0.239499
pbv11-sample-010-baseline,pbv11-sample-010-variant-b,compressed_version,en,public-domain literary text,literary prose,public-benchmark-v1.1-released-variant,released-public-benchmark-v1.1,52e59ac496354d9847863562303c0e98a98fabeef42f73174d6d91bde3e335cf,bb65261e4c75dba57f61a2f16ed04e05b7436279738a34b17bd52dba35d3d0d0,0.997588,22.026277,24.276387
pbv11-sample-010-baseline,pbv11-sample-010-variant-e,formalized_style,en,public-domain literary text,literary prose,public-benchmark-v1.1-released-variant,released-public-benchmark-v1.1,52e59ac496354d9847863562303c0e98a98fabeef42f73174d6d91bde3e335cf,3f756983560f1d887e03f970dee2c34640645c81e410ae9bd0ccd4126d817ffc,0.999994,2.003566,2.235909
pbv11-sample-010-baseline,pbv11-sample-010-variant-f,informalized_style,en,public-domain literary text,literary prose,public-benchmark-v1.1-released-variant,released-public-benchmark-v1.1,52e59ac496354d9847863562303c0e98a98fabeef42f73174d6d91bde3e335cf,d1d154b145e744ed9bbb553138967eefa02a48d96214dd42f6e907a04b94e814,0.999994,2.002685,2.20757
pbv11-sample-010-baseline,pbv11-sample-010-variant-a,punctuation_cleanup,en,public-domain literary text,literary prose,public-benchmark-v1.1-released-variant,released-public-benchmark-v1.1,52e59ac496354d9847863562303c0e98a98fabeef42f73174d6d91bde3e335cf,de1241a5d066234a69746c962a5ae62ab7be89bf8260819fcb44f206bdf957e5,1.0,0.037195,0.052337
pbv11-sample-010-baseline,pbv11-sample-010-baseline-punctuation_strip,punctuation_strip,en,public-domain literary text,literary prose,deterministic-in-memory-public-transform,deterministic-public-growth-v1,52e59ac496354d9847863562303c0e98a98fabeef42f73174d6d91bde3e335cf,86689c718a9a9d69e9515eca5728dedc99876ce8451253e432035fea6400e574,1.0,0.039439,0.055744
pbv11-sample-010-baseline,pbv11-sample-010-baseline-sentence_order_rotate,sentence_order_rotate,en,public-domain literary text,literary prose,deterministic-in-memory-public-transform,deterministic-public-growth-v1,52e59ac496354d9847863562303c0e98a98fabeef42f73174d6d91bde3e335cf,52e59ac496354d9847863562303c0e98a98fabeef42f73174d6d91bde3e335cf,1.0,0.0,0.0
pbv11-sample-010-baseline,pbv11-sample-010-variant-c,sentence_split_merge,en,public-domain literary text,literary prose,public-benchmark-v1.1-released-variant,released-public-benchmark-v1.1,52e59ac496354d9847863562303c0e98a98fabeef42f73174d6d91bde3e335cf,f28e8da3d5c73dfcf938c5ca1dbf07e4f7ef0e2a9fbf519c654029c19714ee58,0.788991,48.857143,48.857143
pbv11-sample-010-baseline,pbv11-sample-010-baseline-token_pair_swap,token_pair_swap,en,public-domain literary text,literary prose,deterministic-in-memory-public-transform,deterministic-public-growth-v1,52e59ac496354d9847863562303c0e98a98fabeef42f73174d6d91bde3e335cf,15e2518e2c2869e507a2cfa77de92ea2f8abf220392a6ff2afbaf74b2b17465b,1.0,0.003328,0.003328
pbv11-sample-010-baseline,pbv11-sample-010-baseline-token_stride_drop,token_stride_drop,en,public-domain literary text,literary prose,deterministic-in-memory-public-transform,deterministic-public-growth-v1,52e59ac496354d9847863562303c0e98a98fabeef42f73174d6d91bde3e335cf,0a25092362c89d656b5e23729132ac924141488ce4b5b68be8c875de99b49be1,0.999908,6.004436,6.473023
pbv11-sample-010-baseline,pbv11-sample-010-baseline-token_stride_duplicate,token_stride_duplicate,en,public-domain literary text,literary prose,deterministic-in-memory-public-transform,deterministic-public-growth-v1,52e59ac496354d9847863562303c0e98a98fabeef42f73174d6d91bde3e335cf,5ab8c5078f1aa3755107009d4bc3e350f93a26473824c291290cc4c2333c2d4a,0.999958,4.002126,4.299924
pbv11-sample-010-baseline,pbv11-sample-010-variant-d,word_order_shift,en,public-domain literary text,literary prose,public-benchmark-v1.1-released-variant,released-public-benchmark-v1.1,52e59ac496354d9847863562303c0e98a98fabeef42f73174d6d91bde3e335cf,0b80f898eb7034c39bfdfc51d49f04617154192bb5495227cbad7c572186601a,0.989816,28.5,28.5
pbv11-sample-011-baseline,pbv11-sample-011-variant-b,compressed_version,en,public-domain literary text,literary prose,public-benchmark-v1.1-released-variant,released-public-benchmark-v1.1,9953c1b8ec8adf59b0bafa819233b474809af3c645404468df69920dd7b13ce1,d5fa5b3e51c7e16b492c75c31717502caa2ad08215e61e760a6a3dd7d95a13bb,0.995741,5.033976,6.333855
pbv11-sample-011-baseline,pbv11-sample-011-variant-e,formalized_style,en,public-domain literary text,literary prose,public-benchmark-v1.1-released-variant,released-public-benchmark-v1.1,9953c1b8ec8adf59b0bafa819233b474809af3c645404468df69920dd7b13ce1,367190ead56940bdb6d720d46eea7863d33c0057334d23e5f0518b894b0c99b3,0.999859,2.02066,2.519628
pbv11-sample-011-baseline,pbv11-sample-011-variant-f,informalized_style,en,public-domain literary text,literary prose,public-benchmark-v1.1-released-variant,released-public-benchmark-v1.1,9953c1b8ec8adf59b0bafa819233b474809af3c645404468df69920dd7b13ce1,f7fa368b6599344c9b491da7944783b699e4e2fd5e63b97e4225a614cb8397d9,0.999844,2.015958,2.489107
pbv11-sample-011-baseline,pbv11-sample-011-variant-a,punctuation_cleanup,en,public-domain literary text,literary prose,public-benchmark-v1.1-released-variant,released-public-benchmark-v1.1,9953c1b8ec8adf59b0bafa819233b474809af3c645404468df69920dd7b13ce1,c1e5c45de20120c3a67b671ad507a17bde32ffdd6925f0ca233c7f13f5f6ebc1,0.999999,0.026851,0.037775
pbv11-sample-011-baseline,pbv11-sample-011-baseline-punctuation_strip,punctuation_strip,en,public-domain literary text,literary prose,deterministic-in-memory-public-transform,deterministic-public-growth-v1,9953c1b8ec8adf59b0bafa819233b474809af3c645404468df69920dd7b13ce1,72d929fdf3221abbd323889d121fbaf31604b6cb53feb918eef9946cc3f48eb5,0.999998,0.046543,0.06577
pbv11-sample-011-baseline,pbv11-sample-011-baseline-sentence_order_rotate,sentence_order_rotate,en,public-domain literary text,literary prose,deterministic-in-memory-public-transform,deterministic-public-growth-v1,9953c1b8ec8adf59b0bafa819233b474809af3c645404468df69920dd7b13ce1,9953c1b8ec8adf59b0bafa819233b474809af3c645404468df69920dd7b13ce1,1.0,0.0,0.0
pbv11-sample-011-baseline,pbv11-sample-011-variant-c,sentence_split_merge,en,public-domain literary text,literary prose,public-benchmark-v1.1-released-variant,released-public-benchmark-v1.1,9953c1b8ec8adf59b0bafa819233b474809af3c645404468df69920dd7b13ce1,840db5999aa0aa6121dc6dd908599f6cbf3ea7771947c55f8f3a9a2b537c2cee,0.893591,15.333333,15.333333
pbv11-sample-011-baseline,pbv11-sample-011-baseline-token_pair_swap,token_pair_swap,en,public-domain literary text,literary prose,deterministic-in-memory-public-transform,deterministic-public-growth-v1,9953c1b8ec8adf59b0bafa819233b474809af3c645404468df69920dd7b13ce1,e5621273225eab03c56048a7629c1460709b5b9fdd09b739d117ee80be8ed0b1,1.0,0.008438,0.008438
pbv11-sample-011-baseline,pbv11-sample-011-baseline-token_stride_drop,token_stride_drop,en,public-domain literary text,literary prose,deterministic-in-memory-public-transform,deterministic-public-growth-v1,9953c1b8ec8adf59b0bafa819233b474809af3c645404468df69920dd7b13ce1,a2f22d0f5970155fcffbf43a71db8df65ecc24e54fffb310559ad530cbb63ec5,0.999645,2.006562,2.329968
pbv11-sample-011-baseline,pbv11-sample-011-baseline-token_stride_duplicate,token_stride_duplicate,en,public-domain literary text,literary prose,deterministic-in-memory-public-transform,deterministic-public-growth-v1,9953c1b8ec8adf59b0bafa819233b474809af3c645404468df69920dd7b13ce1,a4f3a7e82f49b6abc9b3334f6b36d7d0d327f248b6b3a18ae6eaeb507c5779ec,0.999965,1.049606,1.635725
pbv11-sample-011-baseline,pbv11-sample-011-variant-d,word_order_shift,en,public-domain literary text,literary prose,public-benchmark-v1.1-released-variant,released-public-benchmark-v1.1,9953c1b8ec8adf59b0bafa819233b474809af3c645404468df69920dd7b13ce1,af3b0655972d87ae7343d0d200142fe02e549675bc388b8ff22ec30e55eb9ab6,0.964364,11.5,11.5
pbv11-sample-012-baseline,pbv11-sample-012-variant-b,compressed_version,en,public-domain literary text,literary prose,public-benchmark-v1.1-released-variant,released-public-benchmark-v1.1,ec6f4c4b8a09a99d0ab851ade571302fa5ddbc10c674afad348ac72e22f0a423,0da3f98ae8d12da4eba927c29bca0e7fefbd5848e291461fbf31c77ec1537fb5,0.997086,19.018655,20.667341
pbv11-sample-012-baseline,pbv11-sample-012-variant-e,formalized_style,en,public-domain literary text,literary prose,public-benchmark-v1.1-released-variant,released-public-benchmark-v1.1,ec6f4c4b8a09a99d0ab851ade571302fa5ddbc10c674afad348ac72e22f0a423,100605afa6d9753d43b554a9de1ee9f9b514f53e975a7ceed702263a9f7d8814,0.999992,2.007909,2.382418
pbv11-sample-012-baseline,pbv11-sample-012-variant-f,informalized_style,en,public-domain literary text,literary prose,public-benchmark-v1.1-released-variant,released-public-benchmark-v1.1,ec6f4c4b8a09a99d0ab851ade571302fa5ddbc10c674afad348ac72e22f0a423,fe2c5697d707cd1d603a225d23753ee260b2613ac34721ca4f48054cd9635f97,0.999992,2.00602,2.342522
pbv11-sample-012-baseline,pbv11-sample-012-variant-a,punctuation_cleanup,en,public-domain literary text,literary prose,public-benchmark-v1.1-released-variant,released-public-benchmark-v1.1,ec6f4c4b8a09a99d0ab851ade571302fa5ddbc10c674afad348ac72e22f0a423,260edaeb704c5080570539b1680f1b98e027dd4856d539926158ed8bf7b9b947,0.999999,0.049085,0.069014
pbv11-sample-012-baseline,pbv11-sample-012-baseline-punctuation_strip,punctuation_strip,en,public-domain literary text,literary prose,deterministic-in-memory-public-transform,deterministic-public-growth-v1,ec6f4c4b8a09a99d0ab851ade571302fa5ddbc10c674afad348ac72e22f0a423,0dec8821cfb7485f7073fcc4d33ac8667cd5d7efc2706f627be6216eb0609a71,0.999999,0.059258,0.083697
pbv11-sample-012-baseline,pbv11-sample-012-baseline-sentence_order_rotate,sentence_order_rotate,en,public-domain literary text,literary prose,deterministic-in-memory-public-transform,deterministic-public-growth-v1,ec6f4c4b8a09a99d0ab851ade571302fa5ddbc10c674afad348ac72e22f0a423,ec6f4c4b8a09a99d0ab851ade571302fa5ddbc10c674afad348ac72e22f0a423,1.0,0.0,0.0
pbv11-sample-012-baseline,pbv11-sample-012-variant-c,sentence_split_merge,en,public-domain literary text,literary prose,public-benchmark-v1.1-released-variant,released-public-benchmark-v1.1,ec6f4c4b8a09a99d0ab851ade571302fa5ddbc10c674afad348ac72e22f0a423,348edc091b131a89e9622f73252be3fe421d1e3f4903aaee34dd7ea137f00dc7,0.726057,42.0,42.0
pbv11-sample-012-baseline,pbv11-sample-012-baseline-token_pair_swap,token_pair_swap,en,public-domain literary text,literary prose,deterministic-in-memory-public-transform,deterministic-public-growth-v1,ec6f4c4b8a09a99d0ab851ade571302fa5ddbc10c674afad348ac72e22f0a423,39493a791970c32d0ff6d50fbda9bb0bba692465235922351bb883f2760bdd3f,1.0,0.004339,0.004339
pbv11-sample-012-baseline,pbv11-sample-012-baseline-token_stride_drop,token_stride_drop,en,public-domain literary text,literary prose,deterministic-in-memory-public-transform,deterministic-public-growth-v1,ec6f4c4b8a09a99d0ab851ade571302fa5ddbc10c674afad348ac72e22f0a423,92e045a6f9ec1c3fb2bb5af679737fb48ec67f1d18c929dd8927be3b611b869a,0.999925,5.012819,5.731747
pbv11-sample-012-baseline,pbv11-sample-012-baseline-token_stride_duplicate,token_stride_duplicate,en,public-domain literary text,literary prose,deterministic-in-memory-public-transform,deterministic-public-growth-v1,ec6f4c4b8a09a99d0ab851ade571302fa5ddbc10c674afad348ac72e22f0a423,c9b1645be5d0cc11a721214bb8a3e6e0cba45e18757f931e70ecfa5633b4386a,0.989012,22.008689,23.180795
pbv11-sample-012-baseline,pbv11-sample-012-variant-d,word_order_shift,en,public-domain literary text,literary prose,public-benchmark-v1.1-released-variant,released-public-benchmark-v1.1,ec6f4c4b8a09a99d0ab851ade571302fa5ddbc10c674afad348ac72e22f0a423,873f89763001a8944b2821a0b6cc9bd3efb1c8cb5ffa651303af1e671a207216,0.988024,24.0,24.0
pbv11-sample-013-baseline,pbv11-sample-013-variant-b,compressed_version,fr,public-domain literary text,literary prose,public-benchmark-v1.1-released-variant,released-public-benchmark-v1.1,7bb0c4e04d7a2f6c11b1fc45bc9fae4f7460cf33e30b46d76dde4df1c773b1b3,525b8e081a2cf78676f35bbc2440d05046bf47d6d1dfbd3ce0cb5163c78a54ae,0.989794,2.086052,3.344178
pbv11-sample-013-baseline,pbv11-sample-013-variant-e,formalized_style,fr,public-domain literary text,literary prose,public-benchmark-v1.1-released-variant,released-public-benchmark-v1.1,7bb0c4e04d7a2f6c11b1fc45bc9fae4f7460cf33e30b46d76dde4df1c773b1b3,0307122de8c31fa7283b7886f899d9f26cb7d2dab3d69042d4f4e57bd0098fe8,0.99955,0.70021,1.09995
pbv11-sample-013-baseline,pbv11-sample-013-variant-f,informalized_style,fr,public-domain literary text,literary prose,public-benchmark-v1.1-released-variant,released-public-benchmark-v1.1,7bb0c4e04d7a2f6c11b1fc45bc9fae4f7460cf33e30b46d76dde4df1c773b1b3,85b24ce2d47e76c941796f4a2962fd2e6e2d6355349a2b3ca35713cd78e5db79,0.99955,0.70021,1.09995
pbv11-sample-013-baseline,pbv11-sample-013-variant-a,punctuation_cleanup,fr,public-domain literary text,literary prose,public-benchmark-v1.1-released-variant,released-public-benchmark-v1.1,7bb0c4e04d7a2f6c11b1fc45bc9fae4f7460cf33e30b46d76dde4df1c773b1b3,4e48e8c9b45a6f61ec3cb76ddd0a621e5ce7299b9be21fd49ca84c7d145a5583,0.999999,0.018231,0.026556
pbv11-sample-013-baseline,pbv11-sample-013-baseline-punctuation_strip,punctuation_strip,fr,public-domain literary text,literary prose,deterministic-in-memory-public-transform,deterministic-public-growth-v1,7bb0c4e04d7a2f6c11b1fc45bc9fae4f7460cf33e30b46d76dde4df1c773b1b3,86f6da743e2f166cb7727ebd9ad328b54906e67a59fb3870abb6c62855df0524,0.894394,18.003124,18.577303
pbv11-sample-013-baseline,pbv11-sample-013-baseline-sentence_order_rotate,sentence_order_rotate,fr,public-domain literary text,literary prose,deterministic-in-memory-public-transform,deterministic-public-growth-v1,7bb0c4e04d7a2f6c11b1fc45bc9fae4f7460cf33e30b46d76dde4df1c773b1b3,ac04e83d807175311b9fcd5e1591164bf3986dd2c458ac6e7c7f24c837c7eb9d,1.0,0.006116,0.006116
pbv11-sample-013-baseline,pbv11-sample-013-variant-c,sentence_split_merge,fr,public-domain literary text,literary prose,public-benchmark-v1.1-released-variant,released-public-benchmark-v1.1,7bb0c4e04d7a2f6c11b1fc45bc9fae4f7460cf33e30b46d76dde4df1c773b1b3,1008ecfed16ccae7163e5f0d38b633168c602d87904ba350d6f0d22eaba27d82,0.969608,3.6,3.6
pbv11-sample-013-baseline,pbv11-sample-013-baseline-token_pair_swap,token_pair_swap,fr,public-domain literary text,literary prose,deterministic-in-memory-public-transform,deterministic-public-growth-v1,7bb0c4e04d7a2f6c11b1fc45bc9fae4f7460cf33e30b46d76dde4df1c773b1b3,352026fd87015c705a9b34eb1a63aa560cacb0b85d95d48f7afe0172fe018db3,1.0,0.006116,0.006116
pbv11-sample-013-baseline,pbv11-sample-013-baseline-token_stride_drop,token_stride_drop,fr,public-domain literary text,literary prose,deterministic-in-memory-public-transform,deterministic-public-growth-v1,7bb0c4e04d7a2f6c11b1fc45bc9fae4f7460cf33e30b46d76dde4df1c773b1b3,c25ba0768671e48abdac5fd81408982b9ae41aca02548800b76184741ea41af8,0.987449,3.505138,3.951668
pbv11-sample-013-baseline,pbv11-sample-013-baseline-token_stride_duplicate,token_stride_duplicate,fr,public-domain literary text,literary prose,deterministic-in-memory-public-transform,deterministic-public-growth-v1,7bb0c4e04d7a2f6c11b1fc45bc9fae4f7460cf33e30b46d76dde4df1c773b1b3,4b57519b6ba4f2678c87dd7a46819501cd4a5eae7a5972e24bb3fe664d565173,0.999891,0.37915,0.700035
pbv11-sample-013-baseline,pbv11-sample-013-variant-d,word_order_shift,fr,public-domain literary text,literary prose,public-benchmark-v1.1-released-variant,released-public-benchmark-v1.1,7bb0c4e04d7a2f6c11b1fc45bc9fae4f7460cf33e30b46d76dde4df1c773b1b3,eaa87c4fad8cabad69f17c21e417f4846b3a9369fbcb58a87d77173759dc86a4,1.0,0.0,0.0
pbv11-sample-014-baseline,pbv11-sample-014-variant-b,compressed_version,fr,public-domain literary text,literary prose,public-benchmark-v1.1-released-variant,released-public-benchmark-v1.1,747587d72e6b65c5a2c268a20c6675a9afb942fd23e095ba5ce690545e47f348,9255ba3eaedf7a9711e2791c9a1b14b23c6fbff22714eab5bcf21c5bcc2a72c0,0.994349,14.016827,15.186551
pbv11-sample-014-baseline,pbv11-sample-014-variant-e,formalized_style,fr,public-domain literary text,literary prose,public-benchmark-v1.1-released-variant,released-public-benchmark-v1.1,747587d72e6b65c5a2c268a20c6675a9afb942fd23e095ba5ce690545e47f348,9dfc70d321b93d4a928cfc5395fd78d2ccf393a2e5fa507edfcfc1753267a896,0.999967,2.00656,2.294019
pbv11-sample-014-baseline,pbv11-sample-014-variant-f,informalized_style,fr,public-domain literary text,literary prose,public-benchmark-v1.1-released-variant,released-public-benchmark-v1.1,747587d72e6b65c5a2c268a20c6675a9afb942fd23e095ba5ce690545e47f348,966653cffccc1471bfb2cfff77ff7f45effb395b89c9f24337fd42d3d4ff9232,0.999967,2.00656,2.294019
pbv11-sample-014-baseline,pbv11-sample-014-variant-a,punctuation_cleanup,fr,public-domain literary text,literary prose,public-benchmark-v1.1-released-variant,released-public-benchmark-v1.1,747587d72e6b65c5a2c268a20c6675a9afb942fd23e095ba5ce690545e47f348,d005d646cb36d15b9c8cf682352effb2e3dfc26374f19689aaae108b4a4c8b87,1.0,0.036899,0.053338
pbv11-sample-014-baseline,pbv11-sample-014-baseline-punctuation_strip,punctuation_strip,fr,public-domain literary text,literary prose,deterministic-in-memory-public-transform,deterministic-public-growth-v1,747587d72e6b65c5a2c268a20c6675a9afb942fd23e095ba5ce690545e47f348,32ca31a050b60b7d738cd1d277a3b7cec6ea190ea2a4cd1dffeec7cc6c47e431,0.999997,0.100515,0.201972
pbv11-sample-014-baseline,pbv11-sample-014-baseline-sentence_order_rotate,sentence_order_rotate,fr,public-domain literary text,literary prose,deterministic-in-memory-public-transform,deterministic-public-growth-v1,747587d72e6b65c5a2c268a20c6675a9afb942fd23e095ba5ce690545e47f348,747587d72e6b65c5a2c268a20c6675a9afb942fd23e095ba5ce690545e47f348,1.0,0.0,0.0
pbv11-sample-014-baseline,pbv11-sample-014-variant-c,sentence_split_merge,fr,public-domain literary text,literary prose,public-benchmark-v1.1-released-variant,released-public-benchmark-v1.1,747587d72e6b65c5a2c268a20c6675a9afb942fd23e095ba5ce690545e47f348,b3f0a48a9ae4811bb2abb43a57e8ed1232cc6e31694fdb633f304e99de4f5670,0.753517,30.833333,30.833333
pbv11-sample-014-baseline,pbv11-sample-014-baseline-token_pair_swap,token_pair_swap,fr,public-domain literary text,literary prose,deterministic-in-memory-public-transform,deterministic-public-growth-v1,747587d72e6b65c5a2c268a20c6675a9afb942fd23e095ba5ce690545e47f348,5ccdd54abc725af1c56b4610a151536cc77e0b51ee9a71f67a7e34a60535101e,1.0,0.004774,0.004774
pbv11-sample-014-baseline,pbv11-sample-014-baseline-token_stride_drop,token_stride_drop,fr,public-domain literary text,literary prose,deterministic-in-memory-public-transform,deterministic-public-growth-v1,747587d72e6b65c5a2c268a20c6675a9afb942fd23e095ba5ce690545e47f348,f5a657109504ee43e76d65126b5a367691084f5b168eb2b71dbeaa8fa6c84481,0.999704,4.003796,4.383055
pbv11-sample-014-baseline,pbv11-sample-014-baseline-token_stride_duplicate,token_stride_duplicate,fr,public-domain literary text,literary prose,deterministic-in-memory-public-transform,deterministic-public-growth-v1,747587d72e6b65c5a2c268a20c6675a9afb942fd23e095ba5ce690545e47f348,4e84d661185ab88a2c2ca29ecfbf4a9b75c49234d4211cb8565ce1d6eef8c420,0.999942,2.006109,2.376541
pbv11-sample-014-baseline,pbv11-sample-014-variant-d,word_order_shift,fr,public-domain literary text,literary prose,public-benchmark-v1.1-released-variant,released-public-benchmark-v1.1,747587d72e6b65c5a2c268a20c6675a9afb942fd23e095ba5ce690545e47f348,b9166a7a61a1b5ebe6e1817038a2c427c7b5c31ab91f64da2d7ec3e69b2cc203,0.979079,18.5,18.5
pbv11-sample-015-baseline,pbv11-sample-015-variant-b,compressed_version,de,public-domain literary text,dramatic verse,public-benchmark-v1.1-released-variant,released-public-benchmark-v1.1,8115c51dbc9d7fb245faa70c0f9cc908ac3f68805cb1dee1525cd4e0ba3a0b85,9c08a09057afca3fdf656e97f3cfa8b56fec6434847042a736ea3f1cd60490c5,0.991863,1.624386,3.346422
pbv11-sample-015-baseline,pbv11-sample-015-variant-e,formalized_style,de,public-domain literary text,dramatic verse,public-benchmark-v1.1-released-variant,released-public-benchmark-v1.1,8115c51dbc9d7fb245faa70c0f9cc908ac3f68805cb1dee1525cd4e0ba3a0b85,da890c87a3b0eee170be8e9f83228cca20859f2b2135a12fead55d98561b68e3,0.999753,0.51975,0.779361
pbv11-sample-015-baseline,pbv11-sample-015-variant-f,informalized_style,de,public-domain literary text,dramatic verse,public-benchmark-v1.1-released-variant,released-public-benchmark-v1.1,8115c51dbc9d7fb245faa70c0f9cc908ac3f68805cb1dee1525cd4e0ba3a0b85,cd31e1773baf89dfb6acd98069fe5adcaa2466466d75d6d3dfb07ca3130f7999,0.999793,0.530261,0.862198
pbv11-sample-015-baseline,pbv11-sample-015-variant-a,punctuation_cleanup,de,public-domain literary text,dramatic verse,public-benchmark-v1.1-released-variant,released-public-benchmark-v1.1,8115c51dbc9d7fb245faa70c0f9cc908ac3f68805cb1dee1525cd4e0ba3a0b85,db0613edf9d463306244cb91c6d5352e2e5e3afbda1a42308b1dae8714c5ca2d,0.948037,8.000232,8.085983
pbv11-sample-015-baseline,pbv11-sample-015-baseline-punctuation_strip,punctuation_strip,de,public-domain literary text,dramatic verse,deterministic-in-memory-public-transform,deterministic-public-growth-v1,8115c51dbc9d7fb245faa70c0f9cc908ac3f68805cb1dee1525cd4e0ba3a0b85,f53bf265dd492dd46ee66c7cf0200c9d4e9468089a1642862a6c95705da81abf,0.855922,24.000144,24.117562
pbv11-sample-015-baseline,pbv11-sample-015-baseline-sentence_order_rotate,sentence_order_rotate,de,public-domain literary text,dramatic verse,deterministic-in-memory-public-transform,deterministic-public-growth-v1,8115c51dbc9d7fb245faa70c0f9cc908ac3f68805cb1dee1525cd4e0ba3a0b85,96e3c4d032bed4d1ce3e39c0ecb73c06bdfb04e8e5fce7d914aeabbbe6c6b3e1,1.0,0.005571,0.005571
pbv11-sample-015-baseline,pbv11-sample-015-variant-c,sentence_split_merge,de,public-domain literary text,dramatic verse,public-benchmark-v1.1-released-variant,released-public-benchmark-v1.1,8115c51dbc9d7fb245faa70c0f9cc908ac3f68805cb1dee1525cd4e0ba3a0b85,f56f4bcd9cbd70ffe7c01b1c6ac5af8c7cc18d6f695c82f32d7e0180f20f0bd8,0.933689,4.444444,4.444444
pbv11-sample-015-baseline,pbv11-sample-015-baseline-token_pair_swap,token_pair_swap,de,public-domain literary text,dramatic verse,deterministic-in-memory-public-transform,deterministic-public-growth-v1,8115c51dbc9d7fb245faa70c0f9cc908ac3f68805cb1dee1525cd4e0ba3a0b85,ce89645eb9fa5f0843eeb09f03651460231c4d30c6b14c2fc1ed77a71b133e0e,1.0,0.005571,0.005571
pbv11-sample-015-baseline,pbv11-sample-015-baseline-token_stride_drop,token_stride_drop,de,public-domain literary text,dramatic verse,deterministic-in-memory-public-transform,deterministic-public-growth-v1,8115c51dbc9d7fb245faa70c0f9cc908ac3f68805cb1dee1525cd4e0ba3a0b85,39131f422634a2740e5dbdc3d2063254b382635f0c717353e280fb8b78edd5b6,0.998992,0.771241,1.135615
pbv11-sample-015-baseline,pbv11-sample-015-baseline-token_stride_duplicate,token_stride_duplicate,de,public-domain literary text,dramatic verse,deterministic-in-memory-public-transform,deterministic-public-growth-v1,8115c51dbc9d7fb245faa70c0f9cc908ac3f68805cb1dee1525cd4e0ba3a0b85,4699d2d4ff7198d07ff36244b69cab03576f1802d685ada8dd0dab2d9a2ba65b,0.999664,0.520914,0.85031
pbv11-sample-015-baseline,pbv11-sample-015-variant-d,word_order_shift,de,public-domain literary text,dramatic verse,public-benchmark-v1.1-released-variant,released-public-benchmark-v1.1,8115c51dbc9d7fb245faa70c0f9cc908ac3f68805cb1dee1525cd4e0ba3a0b85,ce774ad882441a1463fba64799ddb7206294e1b89ae0ec35c65801ecd45d49ec,1.0,0.0,0.0
pbv11-sample-016-baseline,pbv11-sample-016-variant-b,compressed_version,de,public-domain literary text,dramatic prose,public-benchmark-v1.1-released-variant,released-public-benchmark-v1.1,e618a0dd3908ca733baa9d14ff97d06548243b3080cebaa26887b99a7e550651,e618a0dd3908ca733baa9d14ff97d06548243b3080cebaa26887b99a7e550651,1.0,0.0,0.0
pbv11-sample-016-baseline,pbv11-sample-016-variant-e,formalized_style,de,public-domain literary text,dramatic prose,public-benchmark-v1.1-released-variant,released-public-benchmark-v1.1,e618a0dd3908ca733baa9d14ff97d06548243b3080cebaa26887b99a7e550651,c3656e0f8d564931a2c47adcad44b442390d656e69db9a322008d7bcdadce05e,0.999726,2.013464,2.455854
pbv11-sample-016-baseline,pbv11-sample-016-variant-f,informalized_style,de,public-domain literary text,dramatic prose,public-benchmark-v1.1-released-variant,released-public-benchmark-v1.1,e618a0dd3908ca733baa9d14ff97d06548243b3080cebaa26887b99a7e550651,35e7a71baf7d68b04ef0843d5670419a18f32e6fb9c65c6ba3b0c43a0428f9b6,0.999771,2.022503,2.599076
pbv11-sample-016-baseline,pbv11-sample-016-variant-a,punctuation_cleanup,de,public-domain literary text,dramatic prose,public-benchmark-v1.1-released-variant,released-public-benchmark-v1.1,e618a0dd3908ca733baa9d14ff97d06548243b3080cebaa26887b99a7e550651,9848c4886a5e78b0f629e85df9e53415494117daa7cc7914e4cfa0c372867daa,1.0,0.014756,0.020802
pbv11-sample-016-baseline,pbv11-sample-016-baseline-punctuation_strip,punctuation_strip,de,public-domain literary text,dramatic prose,deterministic-in-memory-public-transform,deterministic-public-growth-v1,e618a0dd3908ca733baa9d14ff97d06548243b3080cebaa26887b99a7e550651,76bafe277c8647a797c357549f1f58963775b3d5a391a20638057d57cbcafdc3,0.999998,0.036834,0.051714
pbv11-sample-016-baseline,pbv11-sample-016-baseline-sentence_order_rotate,sentence_order_rotate,de,public-domain literary text,dramatic prose,deterministic-in-memory-public-transform,deterministic-public-growth-v1,e618a0dd3908ca733baa9d14ff97d06548243b3080cebaa26887b99a7e550651,e618a0dd3908ca733baa9d14ff97d06548243b3080cebaa26887b99a7e550651,1.0,0.0,0.0
pbv11-sample-016-baseline,pbv11-sample-016-variant-c,sentence_split_merge,de,public-domain literary text,dramatic prose,public-benchmark-v1.1-released-variant,released-public-benchmark-v1.1,e618a0dd3908ca733baa9d14ff97d06548243b3080cebaa26887b99a7e550651,746d1433eccb9e7a977d41c93609e6c76f3219d588d6ebcda93bad43d330b335,0.957725,9.5,9.5
pbv11-sample-016-baseline,pbv11-sample-016-baseline-token_pair_swap,token_pair_swap,de,public-domain literary text,dramatic prose,deterministic-in-memory-public-transform,deterministic-public-growth-v1,e618a0dd3908ca733baa9d14ff97d06548243b3080cebaa26887b99a7e550651,e72c5a1883d5b786bcff783fb279e45b5fdcaf2a8c02bcb803e3c3e407b6d458,1.0,0.009569,0.009569
pbv11-sample-016-baseline,pbv11-sample-016-baseline-token_stride_drop,token_stride_drop,de,public-domain literary text,dramatic prose,deterministic-in-memory-public-transform,deterministic-public-growth-v1,e618a0dd3908ca733baa9d14ff97d06548243b3080cebaa26887b99a7e550651,b158d9aabaa2c14db5735f206ee1702f1b17b8dcc93455f110e996d89f6af63c,0.999839,1.004697,1.188851
pbv11-sample-016-baseline,pbv11-sample-016-baseline-token_stride_duplicate,token_stride_duplicate,de,public-domain literary text,dramatic prose,deterministic-in-memory-public-transform,deterministic-public-growth-v1,e618a0dd3908ca733baa9d14ff97d06548243b3080cebaa26887b99a7e550651,f85059437b4fb8ca34de1cf794c5b2342772c3966de26b1c2de3e6882bb7a4f8,0.999268,2.02225,2.63746
pbv11-sample-016-baseline,pbv11-sample-016-variant-d,word_order_shift,de,public-domain literary text,dramatic prose,public-benchmark-v1.1-released-variant,released-public-benchmark-v1.1,e618a0dd3908ca733baa9d14ff97d06548243b3080cebaa26887b99a7e550651,b758505ca77de731c812895efb82820b87b8dd547380556935423270f835f140,0.957725,9.5,9.5
pbv11-sample-017-baseline,pbv11-sample-017-variant-b,compressed_version,es,public-domain literary text,literary prose,public-benchmark-v1.1-released-variant,released-public-benchmark-v1.1,2d6c6163f8cd2a4a37be723d56af45917b1ddcf793e60123ff3e4e677c1af19d,4a691c58d62ca065eccef88a32685d6d9d205fefe8415307655b461340ae1403,0.995832,6.052281,7.610588
pbv11-sample-017-baseline,pbv11-sample-017-variant-e,formalized_style,es,public-domain literary text,literary prose,public-benchmark-v1.1-released-variant,released-public-benchmark-v1.1,2d6c6163f8cd2a4a37be723d56af45917b1ddcf793e60123ff3e4e677c1af19d,eb4628bf5a5aeeb8082ad0d352a850b62545cbe856e6cf69fd6eeed6ec808ff0,0.999962,1.011384,1.279718
pbv11-sample-017-baseline,pbv11-sample-017-variant-f,informalized_style,es,public-domain literary text,literary prose,public-benchmark-v1.1-released-variant,released-public-benchmark-v1.1,2d6c6163f8cd2a4a37be723d56af45917b1ddcf793e60123ff3e4e677c1af19d,6af2f3cae25ad5bfd77540c0124a362ecde8f88b575ca836c87f5409597f118c,0.999968,1.020317,1.374999
pbv11-sample-017-baseline,pbv11-sample-017-variant-a,punctuation_cleanup,es,public-domain literary text,literary prose,public-benchmark-v1.1-released-variant,released-public-benchmark-v1.1,2d6c6163f8cd2a4a37be723d56af45917b1ddcf793e60123ff3e4e677c1af19d,2110f1299859cbfa4e8e2670f2c87f784cc5f13dd698c44d4315707341404520,0.999999,0.038995,0.054944
pbv11-sample-017-baseline,pbv11-sample-017-baseline-punctuation_strip,punctuation_strip,es,public-domain literary text,literary prose,deterministic-in-memory-public-transform,deterministic-public-growth-v1,2d6c6163f8cd2a4a37be723d56af45917b1ddcf793e60123ff3e4e677c1af19d,4e99422c35d8f759d08151f70d5706ba3e723d693752d7071aae464f34802f3e,0.985926,23.000066,23.078101
pbv11-sample-017-baseline,pbv11-sample-017-baseline-sentence_order_rotate,sentence_order_rotate,es,public-domain literary text,literary prose,deterministic-in-memory-public-transform,deterministic-public-growth-v1,2d6c6163f8cd2a4a37be723d56af45917b1ddcf793e60123ff3e4e677c1af19d,17806b216e02e33b9e1818fd36fe8fe36220188731ef4fd3d86d6682f6f4a952,1.0,0.004141,0.004141
pbv11-sample-017-baseline,pbv11-sample-017-variant-c,sentence_split_merge,es,public-domain literary text,literary prose,public-benchmark-v1.1-released-variant,released-public-benchmark-v1.1,2d6c6163f8cd2a4a37be723d56af45917b1ddcf793e60123ff3e4e677c1af19d,60a3982a080a5ef3c66620b44c069b0ed5606a598c49a017d5c75f3be82267a8,0.814908,17.25,17.25
pbv11-sample-017-baseline,pbv11-sample-017-baseline-token_pair_swap,token_pair_swap,es,public-domain literary text,literary prose,deterministic-in-memory-public-transform,deterministic-public-growth-v1,2d6c6163f8cd2a4a37be723d56af45917b1ddcf793e60123ff3e4e677c1af19d,9818e46da9d1f6e7c833b2c899656ad279a30dc2c9b99d330cb4409cbbd5e8f1,0.988857,7.666668,7.670808
pbv11-sample-017-baseline,pbv11-sample-017-baseline-token_stride_drop,token_stride_drop,es,public-domain literary text,literary prose,deterministic-in-memory-public-transform,deterministic-public-growth-v1,2d6c6163f8cd2a4a37be723d56af45917b1ddcf793e60123ff3e4e677c1af19d,9f2e9ea6bb01189142f7e349e6eb91085f25ae1ef82fe4dc7ba9d2435c8b3403,0.999214,2.510699,2.949135
pbv11-sample-017-baseline,pbv11-sample-017-baseline-token_stride_duplicate,token_stride_duplicate,es,public-domain literary text,literary prose,deterministic-in-memory-public-transform,deterministic-public-growth-v1,2d6c6163f8cd2a4a37be723d56af45917b1ddcf793e60123ff3e4e677c1af19d,077535f02cac978208dff6a0c97ac170aa50d1d5e5344971c904e46b03bb2cfe,0.999619,2.011534,2.498213
pbv11-sample-017-baseline,pbv11-sample-017-variant-d,word_order_shift,es,public-domain literary text,literary prose,public-benchmark-v1.1-released-variant,released-public-benchmark-v1.1,2d6c6163f8cd2a4a37be723d56af45917b1ddcf793e60123ff3e4e677c1af19d,47a7e7981b9a32da577d5b1541c8e233f5d19c05a63a3e63efcc0bc4fc70e445,1.0,0.0,0.0
pbv11-sample-018-baseline,pbv11-sample-018-variant-b,compressed_version,es,public-domain literary text,literary prose,public-benchmark-v1.1-released-variant,released-public-benchmark-v1.1,8aa366f1f9a18caedf0b6e9d4c8315601b828b920dbdd4414fb2d7eb352e3fc7,cc9f1a6a556d68a053105e11261eb5dbff0cca4d19049bc3abe4c2598bb8f060,0.980464,9.034339,10.588059
pbv11-sample-018-baseline,pbv11-sample-018-variant-e,formalized_style,es,public-domain literary text,literary prose,public-benchmark-v1.1-released-variant,released-public-benchmark-v1.1,8aa366f1f9a18caedf0b6e9d4c8315601b828b920dbdd4414fb2d7eb352e3fc7,b772a78f345b2ad6b3a92c5a84ebe9ae740768696eee2e1728c7fec686944c64,0.999951,1.011196,1.277428
pbv11-sample-018-baseline,pbv11-sample-018-variant-f,informalized_style,es,public-domain literary text,literary prose,public-benchmark-v1.1-released-variant,released-public-benchmark-v1.1,8aa366f1f9a18caedf0b6e9d4c8315601b828b920dbdd4414fb2d7eb352e3fc7,66b5e4bb76fb586ea98a14ca6ea7aa5c6e27ce1594239961c7b1f776bc249727,0.999961,1.019308,1.370892
pbv11-sample-018-baseline,pbv11-sample-018-variant-a,punctuation_cleanup,es,public-domain literary text,literary prose,public-benchmark-v1.1-released-variant,released-public-benchmark-v1.1,8aa366f1f9a18caedf0b6e9d4c8315601b828b920dbdd4414fb2d7eb352e3fc7,29c9a7b324fbdca17dbe41cadfcc74fafd5941154c4eac28360de9d2cf9309d6,1.0,0.020234,0.028499
pbv11-sample-018-baseline,pbv11-sample-018-baseline-punctuation_strip,punctuation_strip,es,public-domain literary text,literary prose,deterministic-in-memory-public-transform,deterministic-public-growth-v1,8aa366f1f9a18caedf0b6e9d4c8315601b828b920dbdd4414fb2d7eb352e3fc7,842c44f065b75cd7cdfdea402422e275b589361bee05eec389d247767e88a1f5,0.984562,22.000031,22.052266
pbv11-sample-018-baseline,pbv11-sample-018-baseline-sentence_order_rotate,sentence_order_rotate,es,public-domain literary text,literary prose,deterministic-in-memory-public-transform,deterministic-public-growth-v1,8aa366f1f9a18caedf0b6e9d4c8315601b828b920dbdd4414fb2d7eb352e3fc7,80786b4cb9ad1d354459289ad7fcf436a69e21fd5a495a850bac2bcaedb0f3ed,1.0,0.004301,0.004301
pbv11-sample-018-baseline,pbv11-sample-018-variant-c,sentence_split_merge,es,public-domain literary text,literary prose,public-benchmark-v1.1-released-variant,released-public-benchmark-v1.1,8aa366f1f9a18caedf0b6e9d4c8315601b828b920dbdd4414fb2d7eb352e3fc7,56dedd248607ea3b6a9bdc009a9e097dc6077eb3d0c59f450af76fd65b561170,0.922295,13.2,13.2
pbv11-sample-018-baseline,pbv11-sample-018-baseline-token_pair_swap,token_pair_swap,es,public-domain literary text,literary prose,deterministic-in-memory-public-transform,deterministic-public-growth-v1,8aa366f1f9a18caedf0b6e9d4c8315601b828b920dbdd4414fb2d7eb352e3fc7,81c922028be86a8cb419462a91e128c93c91955922216b3b5243684e3f03b24c,1.0,0.004301,0.004301
pbv11-sample-018-baseline,pbv11-sample-018-baseline-token_stride_drop,token_stride_drop,es,public-domain literary text,literary prose,deterministic-in-memory-public-transform,deterministic-public-growth-v1,8aa366f1f9a18caedf0b6e9d4c8315601b828b920dbdd4414fb2d7eb352e3fc7,7db74bfe7845c60faeb7848f8fd3d5d4bfc10fbcf34f7720ad179d10744870df,0.999643,2.006211,2.316813
pbv11-sample-018-baseline,pbv11-sample-018-baseline-token_stride_duplicate,token_stride_duplicate,es,public-domain literary text,literary prose,deterministic-in-memory-public-transform,deterministic-public-growth-v1,8aa366f1f9a18caedf0b6e9d4c8315601b828b920dbdd4414fb2d7eb352e3fc7,7ec0c7b8973c55367482c73196a053ac813fc71202f97ff1922f309fc10a1d12,0.99989,1.529498,2.158845
pbv11-sample-018-baseline,pbv11-sample-018-variant-d,word_order_shift,es,public-domain literary text,literary prose,public-benchmark-v1.1-released-variant,released-public-benchmark-v1.1,8aa366f1f9a18caedf0b6e9d4c8315601b828b920dbdd4414fb2d7eb352e3fc7,0d6e8914e16b00bae90a4d31f9fcb2e85c513fa8d15531c45b17d1c027573ae2,1.0,0.0,0.0
pbv11-sample-019-baseline,pbv11-sample-019-variant-b,compressed_version,ru,public-domain literary text,literary prose,public-benchmark-v1.1-released-variant,released-public-benchmark-v1.1,0c02a3fea55f1324976fe30eb50dc1f620ecacac52d99be6fbd4807ddd48068c,1d41c55c121f503e75b68941cbc9767f9e7af847b17d17154422b5620027f27a,0.99186,14.021709,15.502718
pbv11-sample-019-baseline,pbv11-sample-019-variant-e,formalized_style,ru,public-domain literary text,literary prose,public-benchmark-v1.1-released-variant,released-public-benchmark-v1.1,0c02a3fea55f1324976fe30eb50dc1f620ecacac52d99be6fbd4807ddd48068c,950d6fe1dd7d291ecf8ef30d71a675acc79f8dd3374e2a3906f0744df8dd9a88,0.999971,2.014044,2.428414
pbv11-sample-019-baseline,pbv11-sample-019-variant-f,informalized_style,ru,public-domain literary text,literary prose,public-benchmark-v1.1-released-variant,released-public-benchmark-v1.1,0c02a3fea55f1324976fe30eb50dc1f620ecacac52d99be6fbd4807ddd48068c,aed6b201ca81b0424f9a66e69aecdf31c0f3bfba5ce4a7c6a4a978332c719ab5,0.999954,2.006143,2.300813
pbv11-sample-019-baseline,pbv11-sample-019-variant-a,punctuation_cleanup,ru,public-domain literary text,literary prose,public-benchmark-v1.1-released-variant,released-public-benchmark-v1.1,0c02a3fea55f1324976fe30eb50dc1f620ecacac52d99be6fbd4807ddd48068c,dfef6c4f712d07feaa59ddc3af48a311d8f1c4aa508e878e6793aebc49bb3a0b,0.999999,0.051785,0.073024
pbv11-sample-019-baseline,pbv11-sample-019-baseline-punctuation_strip,punctuation_strip,ru,public-domain literary text,literary prose,deterministic-in-memory-public-transform,deterministic-public-growth-v1,0c02a3fea55f1324976fe30eb50dc1f620ecacac52d99be6fbd4807ddd48068c,6ea2aa144008264cb1f99b28210733c5f374ba860d68f7a747267d49a8c4a6f9,0.999996,0.102936,0.202446
pbv11-sample-019-baseline,pbv11-sample-019-baseline-sentence_order_rotate,sentence_order_rotate,ru,public-domain literary text,literary prose,deterministic-in-memory-public-transform,deterministic-public-growth-v1,0c02a3fea55f1324976fe30eb50dc1f620ecacac52d99be6fbd4807ddd48068c,0c02a3fea55f1324976fe30eb50dc1f620ecacac52d99be6fbd4807ddd48068c,1.0,0.0,0.0
pbv11-sample-019-baseline,pbv11-sample-019-variant-c,sentence_split_merge,ru,public-domain literary text,literary prose,public-benchmark-v1.1-released-variant,released-public-benchmark-v1.1,0c02a3fea55f1324976fe30eb50dc1f620ecacac52d99be6fbd4807ddd48068c,d865f9c77dc590bb383d53d377c2e9f0ea8554968dea57cb5f645e6a24312402,0.652922,30.625,30.625
pbv11-sample-019-baseline,pbv11-sample-019-baseline-token_pair_swap,token_pair_swap,ru,public-domain literary text,literary prose,deterministic-in-memory-public-transform,deterministic-public-growth-v1,0c02a3fea55f1324976fe30eb50dc1f620ecacac52d99be6fbd4807ddd48068c,bb259c55636c4b9468ddcbe51ab565bc3d3669dbcf932604a7a1d47d4676b16e,1.0,0.00475,0.00475
pbv11-sample-019-baseline,pbv11-sample-019-baseline-token_stride_drop,token_stride_drop,ru,public-domain literary text,literary prose,deterministic-in-memory-public-transform,deterministic-public-growth-v1,0c02a3fea55f1324976fe30eb50dc1f620ecacac52d99be6fbd4807ddd48068c,195027a03dfe96b05a4f639919bf7ceae07dc1cd88c95fd45f2d707e003f5713,0.99987,3.009744,3.466101
pbv11-sample-019-baseline,pbv11-sample-019-baseline-token_stride_duplicate,token_stride_duplicate,ru,public-domain literary text,literary prose,deterministic-in-memory-public-transform,deterministic-public-growth-v1,0c02a3fea55f1324976fe30eb50dc1f620ecacac52d99be6fbd4807ddd48068c,283ee980b17cd736dd4e6b1638f72b77c17066bd4284cdc11dd3f09b84f76c54,0.999922,2.004603,2.287734
pbv11-sample-019-baseline,pbv11-sample-019-variant-d,word_order_shift,ru,public-domain literary text,literary prose,public-benchmark-v1.1-released-variant,released-public-benchmark-v1.1,0c02a3fea55f1324976fe30eb50dc1f620ecacac52d99be6fbd4807ddd48068c,50f73909fe63d184343f01a343f176db926f3bad735b64140fcfaf9c62a2e126,0.976778,17.5,17.5
pbv11-sample-020-baseline,pbv11-sample-020-variant-b,compressed_version,ru,public-domain literary text,literary prose,public-benchmark-v1.1-released-variant,released-public-benchmark-v1.1,413e30828fe3e76854466c46c58d06fd60cd194875955b50dbae46673ae69307,92362e011c2c9eedb6fb19f17b38cdbe8e3f5cf740ed7f1b553434630e5e4023,0.999465,1.632101,3.098582
pbv11-sample-020-baseline,pbv11-sample-020-variant-e,formalized_style,ru,public-domain literary text,literary prose,public-benchmark-v1.1-released-variant,released-public-benchmark-v1.1,413e30828fe3e76854466c46c58d06fd60cd194875955b50dbae46673ae69307,0c3e4b6188c7e07fa1c8bcba44f0d7c71778525031c92f34c7bf6a95c13534c6,0.999856,0.69412,0.995822
pbv11-sample-020-baseline,pbv11-sample-020-variant-f,informalized_style,ru,public-domain literary text,literary prose,public-benchmark-v1.1-released-variant,released-public-benchmark-v1.1,413e30828fe3e76854466c46c58d06fd60cd194875955b50dbae46673ae69307,ea79f9877063a5d019a8c112aa6223c5c0f7696d17d272b97fec3f91d8c1ce9e,0.999779,0.680745,0.949605
pbv11-sample-020-baseline,pbv11-sample-020-variant-a,punctuation_cleanup,ru,public-domain literary text,literary prose,public-benchmark-v1.1-released-variant,released-public-benchmark-v1.1,413e30828fe3e76854466c46c58d06fd60cd194875955b50dbae46673ae69307,65242bfb494ab57f26be0a425012f4abe432858f428af605c0295d052604b6eb,0.999999,0.025787,0.036374
pbv11-sample-020-baseline,pbv11-sample-020-baseline-punctuation_strip,punctuation_strip,ru,public-domain literary text,literary prose,deterministic-in-memory-public-transform,deterministic-public-growth-v1,413e30828fe3e76854466c46c58d06fd60cd194875955b50dbae46673ae69307,6c0c5e0181ec5abf49338f440b026ba5f9cc3f84d8ca384ca66e6332211290ab,0.922737,24.666873,24.851599
pbv11-sample-020-baseline,pbv11-sample-020-baseline-sentence_order_rotate,sentence_order_rotate,ru,public-domain literary text,literary prose,deterministic-in-memory-public-transform,deterministic-public-growth-v1,413e30828fe3e76854466c46c58d06fd60cd194875955b50dbae46673ae69307,cf6feccad06c26ae8e7ec66291cf39e8af18dc5c608c604d16881703f65f41fb,1.0,0.004193,0.004193
pbv11-sample-020-baseline,pbv11-sample-020-variant-c,sentence_split_merge,ru,public-domain literary text,literary prose,public-benchmark-v1.1-released-variant,released-public-benchmark-v1.1,413e30828fe3e76854466c46c58d06fd60cd194875955b50dbae46673ae69307,a836ecf8f85c460188320b7bfef60e17a4f7fb0277a5a9c191aa58b76811b2b4,0.942937,6.166669,6.17566
pbv11-sample-020-baseline,pbv11-sample-020-baseline-token_pair_swap,token_pair_swap,ru,public-domain literary text,literary prose,deterministic-in-memory-public-transform,deterministic-public-growth-v1,413e30828fe3e76854466c46c58d06fd60cd194875955b50dbae46673ae69307,f53f0666cea0e4a787230bbf6848bdd37116c0e5beb8faa03ffb5e6a5bedd6bc,1.0,0.004193,0.004193
pbv11-sample-020-baseline,pbv11-sample-020-baseline-token_stride_drop,token_stride_drop,ru,public-domain literary text,literary prose,deterministic-in-memory-public-transform,deterministic-public-growth-v1,413e30828fe3e76854466c46c58d06fd60cd194875955b50dbae46673ae69307,e014242234e528309e08486c41b5da5bfce9f994385c80b4c2a1c22b5b0266ba,0.998616,1.343676,1.65335
pbv11-sample-020-baseline,pbv11-sample-020-baseline-token_stride_duplicate,token_stride_duplicate,ru,public-domain literary text,literary prose,deterministic-in-memory-public-transform,deterministic-public-growth-v1,413e30828fe3e76854466c46c58d06fd60cd194875955b50dbae46673ae69307,e9ba08b7902911f08ef09309b18f80aec1ec43d2f5a996126dc1e3476b810974,0.999438,1.023211,1.522231
pbv11-sample-020-baseline,pbv11-sample-020-variant-d,word_order_shift,ru,public-domain literary text,literary prose,public-benchmark-v1.1-released-variant,released-public-benchmark-v1.1,413e30828fe3e76854466c46c58d06fd60cd194875955b50dbae46673ae69307,a928a9e751b4c4ee511e5b11bfcac29a87e3d5e607dd8b483fb4ad05325bd719,1.0,0.0,0.0
